branch,window_id,frame,proton_transfer_rc_nm,ring_opening_rc_nm,delta_e_shifted_kj_mol,evb_energy_kj_mol
forward,p000,0,-0.08550180379434966,0.14378156641855117,-30416.834212601127,-38912.281040330716
forward,p000,1,-0.08516372410636994,0.14203327080653638,-34740.593992055336,-38854.72480519178
forward,p000,2,-0.08536243746811469,0.14747353647896597,-23378.82854825532,-38819.61109675094
forward,p000,3,-0.0830453034437151,0.15054364316297472,-18884.018082338793,-38796.95708661928
forward,p000,4,-0.08613491991266678,0.1497360347530047,-20118.005182717403,-38710.731695707684
forward,p000,5,-0.08672981025880362,0.14543570763601324,-27041.2419430273,-38783.56756491669
forward,p000,6,-0.08788248498134742,0.14444660995058833,-29134.106155248766,-38836.43509353413
forward,p000,7,-0.087764851097062,0.14816358478943933,-22385.03078169044,-38790.98535034622
forward,p000,8,-0.08283412043206176,0.14979230280387593,-19881.991226793674,-38736.339912818694
forward,p000,9,-0.08510972383992585,0.14788733524110823,-22642.21371406637,-38602.97794349988
forward,p000,10,-0.08513364927773318,0.14375582776788154,-30472.612727465515,-38677.19794662136
forward,p000,11,-0.08576932701197779,0.14583333444203445,-26229.61820283759,-38641.93163119341
forward,p000,12,-0.09103658607200399,0.1517119934010167,-17862.570977632364,-38700.59955309245
forward,p000,13,-0.08684823389049953,0.14740997946645526,-23544.677850844746,-38704.50367538557
forward,p000,14,-0.09133802633950373,0.1441876275110024,-29826.629407527333,-38642.80122793935
forward,p000,15,-0.0866291549028559,0.14957645859125362,-20264.174604418164,-38641.64538480497
forward,p000,16,-0.08297739749062327,0.1515493279101808,-17723.4499925407,-38529.67473150395
forward,p000,17,-0.08482058583237462,0.1456837928192862,-26530.161472533306,-38521.08441575107
forward,p000,18,-0.0805543858953028,0.1433953206667624,-31130.459916565975,-38599.9239181784
forward,p000,19,-0.08443618898642331,0.14900813140533187,-21021.554247503576,-38504.19843481762
forward,p000,20,-0.08805862519832469,0.1495976251461718,-20339.844410066376,-38506.457249832325
forward,p000,21,-0.0901023173170483,0.1478515730968773,-23058.8556214617,-38438.912338605325
forward,p000,22,-0.0925077969421702,0.1477621892849268,-23300.138381366763,-38465.29524333793
forward,p000,23,-0.08857939971046108,0.14348581501356275,-31292.355536689458,-38430.678908964226
forward,p000,24,-0.08614548105926391,0.14254458879510007,-33523.93709117657,-38427.81217337304
forward,p000,25,-0.08229765718037062,0.15212752583493172,-17017.32817519168,-38412.46450321919
forward,p000,26,-0.08252644166855776,0.15279422846847254,-16367.097710256552,-38373.72507127162
forward,p000,27,-0.08328544770330938,0.14418535052882753,-29530.751365309,-38283.53155667123
forward,p000,28,-0.08589116521179992,0.1437973386736185,-30454.39514780551,-38312.40913648786
forward,p000,29,-0.0891975346482133,0.1477827637653829,-23091.281086092058,-38298.62102722592
forward,p000,30,-0.08586836826033645,0.15225629195675122,-17050.774479871558,-38256.8811431848
forward,p000,31,-0.08915264325541926,0.14696773726862533,-24369.96558041073,-38215.3023881662
forward,p000,32,-0.08872332409377687,0.14280427434473775,-32874.958751625294,-38139.69613131585
forward,p000,33,-0.08565172306303788,0.14834106572202424,-22006.366012154962,-38201.265508812125
forward,p000,34,-0.08428463835602568,0.1496873831296736,-20039.293304524705,-38193.560525406996
forward,p000,35,-0.08217194701699869,0.14432305534327777,-29117.779618986155,-38074.571828056214
forward,p000,36,-0.08546854715461918,0.14674602348060978,-24665.059914358775,-37991.999075509775
forward,p000,37,-0.08703373412458201,0.14747710604743666,-23432.190484652238,-38097.57042837427
forward,p000,38,-0.08605813614721805,0.14570499698926578,-26555.35863078659,-38148.840481851774
forward,p000,39,-0.08935000357339282,0.15208442470689024,-17380.17872131936,-38027.04582854339
forward,p001,0,-0.08505771427681581,0.1461414887761939,-25657.304678683256,-38907.5349381359
forward,p001,1,-0.08026553649718045,0.1397411743778928,-41299.757069292886,-38809.15976616886
forward,p001,2,-0.08204453401849933,0.14810260077997073,-22248.399632575834,-38866.20727036154
forward,p001,3,-0.08073557066107326,0.15110387277528212,-18128.45976984827,-38779.880941522104
forward,p001,4,-0.08586659178380593,0.1467265652871685,-24698.338746371155,-38792.42154391764
forward,p001,5,-0.0898059074560775,0.1459128738868264,-26321.647781555017,-38733.58312503352
forward,p001,6,-0.08586759069347569,0.14626371856554632,-25496.922027114255,-38737.32763184439
forward,p001,7,-0.08622567823848264,0.14713309906629884,-23942.942862753232,-38805.69138043849
forward,p001,8,-0.0800678493757268,0.1456295949458137,-26423.232627991063,-38733.33639859187
forward,p001,9,-0.08287449521938824,0.14967357034251103,-19976.913865688082,-38723.77084800112
forward,p001,10,-0.08126700727617493,0.14568763947809824,-26355.671025993885,-38695.51258879344
forward,p001,11,-0.08084180848763022,0.1408002399236196,-37938.925717148086,-38667.16130983819
forward,p001,12,-0.08562265536953097,0.14882268877389185,-21297.59387621528,-38641.75907349409
forward,p001,13,-0.08528565721759335,0.15465254739729706,-14705.878832148912,-38644.922984565776
forward,p001,14,-0.08842627387896715,0.14543138091885527,-27166.73926997432,-38738.95403531016
forward,p001,15,-0.08765105436333054,0.14278889925885097,-32893.74091923516,-38631.455984462904
forward,p001,16,-0.08153419619481887,0.15190256210853018,-17216.938963773195,-38536.53743140537
forward,p001,17,-0.08316045952476955,0.1529049991939573,-16258.78494238996,-38497.57584919354
forward,p001,18,-0.08278110401079976,0.14439947077600587,-29000.315537333896,-38497.19175239294
forward,p001,19,-0.08202760765640055,0.14502574420445047,-27628.924419641437,-38485.5048172066
forward,p001,20,-0.08474857107751523,0.15474732266007055,-14596.263598919322,-38392.22098623325
forward,p001,21,-0.08335476435559595,0.14804292584771725,-22393.42263668956,-38389.306454281206
forward,p001,22,-0.08423345038817069,0.1381248108002705,-47127.70090389432,-38302.30992681087
forward,p001,23,-0.08479550610749965,0.14541946295839306,-26946.398613484518,-38327.03811081343
forward,p001,24,-0.08119918149671226,0.1521661309121384,-16867.267023802677,-38302.35905810875
forward,p001,25,-0.08376866640329206,0.15025783061402764,-19249.334081472305,-38189.17798193029
forward,p001,26,-0.08378765277961746,0.14627549971216608,-25474.392273025063,-38205.33584899787
forward,p001,27,-0.08347742561661961,0.148537768175211,-21605.112575533276,-38279.52471726181
forward,p001,28,-0.08590000747817213,0.1468960079401803,-24343.63151139248,-38267.473687082645
forward,p001,29,-0.08775904666915856,0.1447720357543166,-28447.36997776985,-38129.955867370016
forward,p001,30,-0.08048172688411913,0.15224838374728947,-16768.801058474404,-38257.195512308244
forward,p001,31,-0.08258423227132698,0.15091065397310532,-18432.243597512424,-38233.263884003274
forward,p001,32,-0.08515217873833542,0.14001500385805046,-40512.82415944859,-38224.12640580897
forward,p001,33,-0.08133477977626599,0.14241073020603023,-33567.19772288785,-38140.876785869055
forward,p001,34,-0.08679768849125079,0.15410951292345176,-15239.37758035044,-38240.37556465681
forward,p001,35,-0.08431297647622459,0.1511036676402704,-18331.18344718771,-38097.27870877112
forward,p001,36,-0.08845686594684497,0.14414197533669446,-29758.189743910392,-38041.83090000828
forward,p001,37,-0.08754504379570742,0.1433696631486735,-31523.841617917118,-38018.0079546315
forward,p001,38,-0.08243648706367061,0.14882193303801158,-21126.95256436331,-38023.9156026623
forward,p001,39,-0.08385206734147105,0.14991251979980974,-19760.079864627158,-38034.71769505517
forward,p002,0,-0.08146284801650562,0.14314141288023763,-31775.72539466992,-39038.841397293116
forward,p002,1,-0.08128783917257905,0.1428078019349231,-32631.452098641515,-38977.31488064638
forward,p002,2,-0.08304443697765156,0.14926114078331787,-20605.706883940875,-38942.92068630634
forward,p002,3,-0.08037389435212805,0.14984931276238203,-19694.13198209222,-38956.92401784919
forward,p002,4,-0.08268514085784771,0.14526596001108633,-27292.145042661694,-38888.08678248753
forward,p002,5,-0.08367771195866863,0.14444446380950007,-28964.98998976103,-38812.44883054015
forward,p002,6,-0.08124451435590417,0.14649142648437916,-24923.817557993752,-38788.04444368888
forward,p002,7,-0.08284124771031878,0.14877781810143134,-21279.380746904237,-38860.63838366959
forward,p002,8,-0.07927014342438603,0.1492002016788911,-20535.9468216034,-38696.2562347017
forward,p002,9,-0.08112656500434093,0.14599247450735542,-25733.908049347898,-38765.2807775414
forward,p002,10,-0.08111418761859071,0.14208571068758055,-34473.2410063477,-38765.334594990614
forward,p002,11,-0.08034939976217663,0.14477359059985845,-28131.00305340014,-38735.50004410615
forward,p002,12,-0.08344754125592957,0.15111468991929047,-18270.542769609427,-38763.868478534365
forward,p002,13,-0.08299173990681916,0.15108467559983918,-18300.290591779572,-38739.769045829045
forward,p002,14,-0.08505344460778334,0.14616340890195617,-25697.487595382554,-38715.24288169487
forward,p002,15,-0.08569945686751244,0.1471042735381003,-24044.038993898255,-38788.18071375953
forward,p002,16,-0.0817943430931794,0.15131433671075628,-18011.72309571778,-38702.609319907795
forward,p002,17,-0.08507067041852023,0.14859607436251668,-21704.949179316347,-38658.603263372934
forward,p002,18,-0.0811937174933094,0.1439460165589013,-29944.26438170945,-38671.559885684976
forward,p002,19,-0.08231425527107494,0.15027741931443106,-19220.84844464477,-38644.24319192168
forward,p002,20,-0.0806150705627105,0.15449525313713974,-14669.410460414772,-38625.01604129325
forward,p002,21,-0.07969636119243016,0.14675661687649638,-24358.1329129957,-38533.626722190056
forward,p002,22,-0.08397980293269643,0.14173591363100427,-35553.270579223,-38478.180420156874
forward,p002,23,-0.0817301087382677,0.14397044947686635,-29908.371761326154,-38483.62634319642
forward,p002,24,-0.08264794044673986,0.1485571660764055,-21547.72819519363,-38506.07177718641
forward,p002,25,-0.08125279452015559,0.1503927285627656,-19106.04016364034,-38435.61499115963
forward,p002,26,-0.08046247044744374,0.14738023007463197,-23311.355760233884,-38543.9541654929
forward,p002,27,-0.07995551092587683,0.14287255673605917,-32417.122907462006,-38421.08434991092
forward,p002,28,-0.08105250243464976,0.14597127011027994,-25815.302607855236,-38310.078984829015
forward,p002,29,-0.08084233714291802,0.1494586403734067,-20269.88368827518,-38369.74175937295
forward,p002,30,-0.08145877628808965,0.1514928452652923,-17669.480772678216,-38285.87894635545
forward,p002,31,-0.08352960599506337,0.14439921001768632,-29054.10134290572,-38299.01840822292
forward,p002,32,-0.08202081902232636,0.13963092860204904,-41688.45726979937,-38176.88806537209
forward,p002,33,-0.0802597793729655,0.1504402948495945,-18907.058169251715,-38195.5534814412
forward,p002,34,-0.0799867678414582,0.15257482523362814,-16488.374863628705,-38225.13713108685
forward,p002,35,-0.0794559209763575,0.14659370539108166,-24595.755447511037,-38212.86765000817
forward,p002,36,-0.08333174406353495,0.14600918828673712,-25875.986510519288,-38199.216147609106
forward,p002,37,-0.08471449511149706,0.14857448425284328,-21677.462175492168,-38173.23769948957
forward,p002,38,-0.08424649847914112,0.14980656824408203,-19997.59834850108,-38206.46224610493
forward,p002,39,-0.08360842032855556,0.1484201031621716,-21881.854713144887,-38118.16254135361
forward,p003,0,-0.0815485005751218,0.14574846226856558,-26256.774460439512,-39063.86787740932
forward,p003,1,-0.08088954059430957,0.14139297821296887,-36344.02255917055,-38946.375803315925
forward,p003,2,-0.07984343560459184,0.14680672877793163,-24330.056621556694,-38968.2708576852
forward,p003,3,-0.07608432432130262,0.15120609840408314,-17822.835484033014,-38819.54692076644
forward,p003,4,-0.07720875648785488,0.14793303692180454,-22367.20507348029,-38770.096754757265
forward,p003,5,-0.07983591342574263,0.1449045546318738,-27876.772299413336,-38869.89672023542
forward,p003,6,-0.08059444756636121,0.1435281212997538,-30875.707301740505,-38813.218955625016
forward,p003,7,-0.08222420166469518,0.14519100491476739,-27368.4093985605,-38793.79927433795
forward,p003,8,-0.07788759208786947,0.14957174290032973,-20039.042538289592,-38812.93378424198
forward,p003,9,-0.07595590480175496,0.15151462999133952,-17494.041879895987,-38680.3518524677
forward,p003,10,-0.0765559369521394,0.1484243365929967,-21653.692355814943,-38660.02322413681
forward,p003,11,-0.07981915684045511,0.14581097456305808,-26132.307077679463,-38803.24206123266
forward,p003,12,-0.08400807310405553,0.14709714715796496,-24078.826115552278,-38688.60170804192
forward,p003,13,-0.08179787053427,0.15215433276416532,-17154.616178515862,-38634.50047682874
forward,p003,14,-0.0796981464002996,0.1502279286284848,-19346.156355503394,-38540.754093526324
forward,p003,15,-0.07804989306213572,0.14649840342834825,-24848.97673058856,-38535.93255237698
forward,p003,16,-0.07734488847351245,0.1512228026967722,-18057.827982370043,-38594.91200481601
forward,p003,17,-0.08202215232466696,0.15172561948701646,-17551.59191775773,-38476.271984839346
forward,p003,18,-0.0820332296331788,0.1426031214378653,-33203.94557345385,-38484.42196668037
forward,p003,19,-0.08119898988367084,0.1453363191438677,-27062.691027139255,-38433.749458504884
forward,p003,20,-0.07770447471537065,0.15292867935560872,-16063.780933295144,-38394.12035498273
forward,p003,21,-0.07505482359356282,0.14716219320856508,-23497.541692350263,-38448.49414005533
forward,p003,22,-0.0765870681283723,0.14116638724789243,-36749.24759567162,-38373.42777776683
forward,p003,23,-0.08052128928587295,0.1446987301296418,-28257.16299856099,-38440.95928907453
forward,p003,24,-0.08411878239737053,0.1500466307915588,-19609.98953861423,-38304.67809734743
forward,p003,25,-0.08251532544962309,0.15169565791931716,-17516.2397840365,-38416.6513310729
forward,p003,26,-0.07954537587332608,0.1449965715996688,-27662.167376582394,-38335.99806629887
forward,p003,27,-0.07710483638461535,0.14241292751438298,-33519.29756245468,-38355.0374527412
forward,p003,28,-0.07616574996133402,0.1497378273219411,-19688.96283793819,-38366.04405207162
forward,p003,29,-0.07978156645427993,0.15020708028107616,-19247.996042582963,-38363.610931123796
forward,p003,30,-0.08221740303592884,0.14905607584248853,-20885.05375022086,-38325.061275150125
forward,p003,31,-0.08073194683989325,0.14786863477117712,-22576.271253739134,-38257.505113686835
forward,p003,32,-0.07939391705992016,0.14298436334988143,-32127.909572247765,-38243.225459351306
forward,p003,33,-0.0754416764887771,0.14392518404849577,-29744.223431024933,-38155.85971409125
forward,p003,34,-0.07734498031282569,0.15185056716449402,-17160.0318303151,-38174.30339402984
forward,p003,35,-0.08141225037595128,0.15225404264492196,-16903.536735032307,-38197.20601801757
forward,p003,36,-0.08198675999071942,0.14751686386071003,-23179.359545413492,-38069.82879783413
forward,p003,37,-0.08401713612014734,0.1449916482336535,-27842.410926673037,-38103.70305910474
forward,p003,38,-0.0798059434673462,0.14625071810942783,-25294.825220527448,-38098.29891828614
forward,p003,39,-0.07714729015252451,0.15011372610882234,-19214.765404703357,-38208.546875838
forward,p004,0,-0.07729526910790682,0.14803048898763177,-22180.23274148017,-39160.7491315045
forward,p004,1,-0.07424939658839373,0.1425014357759176,-33165.68891204003,-38979.79855839394
forward,p004,2,-0.07628096348330513,0.14436865805583796,-28892.89482868224,-38964.528657275565
forward,p004,3,-0.07827877999592614,0.15058434728246806,-18759.72197145637,-38969.20472020891
forward,p004,4,-0.0788676205806599,0.14976770562314945,-19854.23161978129,-38816.32708579354
forward,p004,5,-0.07656789657592139,0.14417120528807287,-29321.765344625746,-38905.5929267583
forward,p004,6,-0.07428768228254404,0.14326202199651675,-31338.579967920145,-38914.73348107588
forward,p004,7,-0.07594125085065917,0.14772435521516142,-22644.562432770093,-38838.69162811047
forward,p004,8,-0.07774413858064219,0.15083754080595452,-18419.091182832082,-38776.23948341646
forward,p004,9,-0.08101737138252325,0.14952967501579967,-20115.17815590193,-38868.00629459397
forward,p004,10,-0.07959474134340051,0.14567011548993414,-26337.796158912563,-38756.65833758727
forward,p004,11,-0.0751607060331592,0.1465536520234244,-24534.77040338752,-38705.32831330708
forward,p004,12,-0.07512771615024975,0.15005706265074192,-19250.80020833219,-38690.79266947182
forward,p004,13,-0.0754125350648192,0.15019390798088697,-19068.50914621522,-38645.46962351938
forward,p004,14,-0.07917133539454217,0.14792563381856588,-22450.425356151012,-38677.84129752551
forward,p004,15,-0.08188892196176428,0.14872614109819715,-21359.379718961136,-38667.455554477754
forward,p004,16,-0.07957842677836746,0.1512206734937624,-18017.88685970049,-38621.0343224792
forward,p004,17,-0.07984200717060545,0.14906561138477087,-20734.147887075727,-38497.85924367192
forward,p004,18,-0.0754699778011377,0.14343915158433776,-30928.84684750688,-38539.49071483114
forward,p004,19,-0.07523605415893003,0.14656847732188957,-24524.739547329897,-38600.151180869776
forward,p004,20,-0.07706441151021758,0.15387992225361188,-15105.254703822953,-38570.8049062721
forward,p004,21,-0.07868792889635161,0.14814200556122945,-22099.74391533708,-38502.25246278357
forward,p004,22,-0.08005498636456122,0.1426716574982283,-32919.009584795625,-38541.39785514187
forward,p004,23,-0.07686416206432257,0.1433450337120833,-31157.81851195119,-38444.521694310235
forward,p004,24,-0.07311627585751404,0.1469920211958474,-23684.061418889498,-38311.568787383265
forward,p004,25,-0.07436493481625717,0.1523298346017241,-16442.298998395854,-38290.460425029945
forward,p004,26,-0.07940427555124745,0.1475120371833187,-23082.804395954532,-38331.16035030241
forward,p004,27,-0.08241414177765327,0.1404896951214615,-39027.70819828281,-38411.81921812279
forward,p004,28,-0.0794576282045054,0.14546287888551715,-26738.0951218041,-38432.93948765291
forward,p004,29,-0.0744488644825628,0.1494779598809303,-19961.302622738644,-38237.172487310294
forward,p004,30,-0.07281732518499731,0.15017768138178164,-18923.789945188386,-38325.07305150189
forward,p004,31,-0.07712265170636974,0.14753658100357886,-22941.972870233003,-38306.54216261816
forward,p004,32,-0.08150823037003121,0.14473249920958192,-28317.47897470233,-38412.9706113744
forward,p004,33,-0.07887585281218669,0.1495388572609698,-20034.675682845,-38257.17453587671
forward,p004,34,-0.07710001878058176,0.1508839883158321,-18293.764542969962,-38182.87588627745
forward,p004,35,-0.07596776567860657,0.1465055161388517,-24666.353751557792,-38098.166339938485
forward,p004,36,-0.07809119201388302,0.14687080951284054,-24130.199181618576,-38286.9350055581
forward,p004,37,-0.07815720867864473,0.14456756199932566,-28516.948554310424,-38190.75679465656
forward,p004,38,-0.0750817792980683,0.14534468379852572,-26761.30843690224,-38070.09115448663
forward,p004,39,-0.07513946500626283,0.1509060987594364,-18243.717024849117,-38043.238073922555
forward,p005,0,-0.07822412529766516,0.1440337929024837,-29637.17694205459,-39259.86660152387
forward,p005,1,-0.07703423402811707,0.14161288068038086,-35598.13215418573,-39167.48261780699
forward,p005,2,-0.0752489109931732,0.14925165065986337,-20365.334755872784,-39112.056751493605
forward,p005,3,-0.07127306721569007,0.15230354294588425,-16449.91042133834,-39017.182566414165
forward,p005,4,-0.0741527455804594,0.1453807166486935,-26720.97480880696,-38987.1174213358
forward,p005,5,-0.07871622309896956,0.14278563555756418,-32617.370129918156,-38977.92125341439
forward,p005,6,-0.07765884275152819,0.14566318857055646,-26361.787455741258,-39000.726565557314
forward,p005,7,-0.07364118010722852,0.1486018057408962,-21260.616550807317,-38935.98973758564
forward,p005,8,-0.07097756283733682,0.1507561099789016,-18301.77286212513,-38881.22945450472
forward,p005,9,-0.07525046778467677,0.14953378666067135,-19986.828123081883,-38847.559850615224
forward,p005,10,-0.07880314349175109,0.14420939423300888,-29400.68000127602,-38873.14462377591
forward,p005,11,-0.07812603759292773,0.14453798676217527,-28575.685769679432,-38926.596192266734
forward,p005,12,-0.0750061111222857,0.15013001923282615,-19178.578069123847,-38797.14990861155
forward,p005,13,-0.07107796995245123,0.15281872724941759,-15955.489731060748,-38793.04754829989
forward,p005,14,-0.07454410303003205,0.14641477011962648,-24776.850039721874,-38798.86157308637
forward,p005,15,-0.07828184762466164,0.14390193388291278,-29918.31135543849,-38808.456620505356
forward,p005,16,-0.07780177902521779,0.14962586442809556,-20028.244938673393,-38714.90889198694
forward,p005,17,-0.0754155574829169,0.1506410688615716,-18576.270624223107,-38750.033144928784
forward,p005,18,-0.07382786022722812,0.14509049545071367,-27327.58677114785,-38716.9446919746
forward,p005,19,-0.07385426917516698,0.14781160895070042,-22505.390133479552,-38660.43323383705
forward,p005,20,-0.07586527194118081,0.15451666641415127,-14490.07390897203,-38688.568784720956
forward,p005,21,-0.0770382957555195,0.1513145803715545,-17889.086566806945,-38720.59574635273
forward,p005,22,-0.07734984703552841,0.14354662001343307,-30711.252677323704,-38595.39803503251
forward,p005,23,-0.07482316017541742,0.13983254293620279,-40813.071144463494,-38615.056439126245
forward,p005,24,-0.07269778295882513,0.1475557138426197,-22786.091940405022,-38589.08830033878
forward,p005,25,-0.074056029786269,0.1533859751258773,-15487.353827121377,-38595.49776686657
forward,p005,26,-0.07640227360047025,0.14716373926026152,-23548.727761866845,-38455.64544855034
forward,p005,27,-0.07879547443965342,0.14267409517448892,-32864.45530390955,-38569.05475952598
forward,p005,28,-0.076990880384522,0.14495927033498968,-27667.798745753593,-38480.68170423282
forward,p005,29,-0.07487213800973677,0.14968445247293805,-19736.97287690878,-38445.731453661356
forward,p005,30,-0.07254699633839486,0.15159692342982584,-17286.188865783042,-38400.152967011076
forward,p005,31,-0.07393958660063714,0.14793032596963282,-22215.57370591347,-38318.11225024593
forward,p005,32,-0.07622611262485007,0.1415764079976787,-35616.15798998013,-38324.86430435446
forward,p005,33,-0.0784340841582173,0.1483252550772193,-21732.192295910732,-38354.381934637764
forward,p005,34,-0.07641140774919916,0.15610105687833378,-13211.869573952543,-38408.829868737084
forward,p005,35,-0.07350790465060453,0.14866886761241693,-21093.474658967898,-38316.076243126634
forward,p005,36,-0.07336006864115409,0.14114090773683893,-36801.64261502208,-38305.902975824836
forward,p005,37,-0.07547301404466827,0.14678573050006657,-24239.05419081304,-38216.54604743053
forward,p005,38,-0.07815475722471138,0.15410756162087066,-14963.495433750155,-38221.84744887645
forward,p005,39,-0.07975304654796504,0.14807606569839177,-22264.945949257817,-38254.52750255306
forward,p006,0,-0.07173348548330064,0.1465884147193085,-24391.05637595657,-39199.15612285238
forward,p006,1,-0.07272268677168509,0.14203976360111126,-34246.91044716578,-39088.14764947658
forward,p006,2,-0.07678016698875809,0.14645740376428532,-24813.253781442472,-39111.25398615801
forward,p006,3,-0.07386771596556553,0.15104438821716132,-18016.152357225714,-39030.31530020185
forward,p006,4,-0.07065139753889099,0.14790357689112557,-22157.373823528585,-38972.9150040532
forward,p006,5,-0.07194684697867858,0.1426684578301594,-32698.524109905673,-38993.9456015604
forward,p006,6,-0.07529506198941802,0.14526037829016641,-27066.076573913335,-38926.55521748142
forward,p006,7,-0.07498591682217609,0.14712414889130004,-23612.693242792913,-38938.516486762215
forward,p006,8,-0.07139602568753003,0.1492572333104434,-20278.88846153574,-38902.04429037007
forward,p006,9,-0.07166159187251273,0.14798950436343547,-22064.94196826633,-38839.783507678585
forward,p006,10,-0.07319777262617096,0.1418949033874148,-34724.30779114773,-38766.937016669
forward,p006,11,-0.07498773635806248,0.14451900340199195,-28516.144300643908,-38789.28464589924
forward,p006,12,-0.0746725541363537,0.15026176625697846,-18961.901080567797,-38752.34808264376
forward,p006,13,-0.07293630131532998,0.15346494337563046,-15339.972815068846,-38708.75710368327
forward,p006,14,-0.07228198000949546,0.1483202674138271,-21647.617317088152,-38766.40602445122
forward,p006,15,-0.07458425224947247,0.14582411119072908,-25861.41900313049,-38708.59212039311
forward,p006,16,-0.07697217289535552,0.15076094945688553,-18495.64251151844,-38685.01409867563
forward,p006,17,-0.07686208769267547,0.15206387253191203,-16939.15080923002,-38709.44092866409
forward,p006,18,-0.07195196200469212,0.1458216398937663,-25748.767240257817,-38590.2280874067
forward,p006,19,-0.07059435825930561,0.14698932908771123,-23633.828231456166,-38545.532402167664
forward,p006,20,-0.07453706573631397,0.15283802782943065,-15950.738406958932,-38561.472901940375
forward,p006,21,-0.07535458199150438,0.14707674243456104,-23648.50374773747,-38529.602611312905
forward,p006,22,-0.07465095778554474,0.1433810559649543,-30964.561694601492,-38605.13393898463
forward,p006,23,-0.07046190683276216,0.14330437598231005,-30964.156116784492,-38423.20095108668
forward,p006,24,-0.07011393985951031,0.14668377135117747,-24055.418808163668,-38424.122740599625
forward,p006,25,-0.07333484376746571,0.1519997103552636,-16788.459838838724,-38421.923711400224
forward,p006,26,-0.07666823644780886,0.14770451517454788,-22652.633343817142,-38445.802960013665
forward,p006,27,-0.07688117898107205,0.1423076755462248,-33625.05505603546,-38469.50350578948
forward,p006,28,-0.07246173098188863,0.14493333486528545,-27408.7437478606,-38429.76188564535
forward,p006,29,-0.06868577023704042,0.14946469657373565,-19746.80272006936,-38464.50383887152
forward,p006,30,-0.07101840163408836,0.14956884830378034,-19657.8376004686,-38339.30161836154
forward,p006,31,-0.07635276749263398,0.1453466852209654,-26811.13230490539,-38320.891508012595
forward,p006,32,-0.07703693479413434,0.14295970186221724,-32036.44574606087,-38234.41130723692
forward,p006,33,-0.07278110549673046,0.1478391698406511,-22258.149554608797,-38294.67907734668
forward,p006,34,-0.07030295108865182,0.1536867001080518,-14987.377051235584,-38192.018415156264
forward,p006,35,-0.07192411894716967,0.14902126194992404,-20493.732497869467,-38121.591065033026
forward,p006,36,-0.07667973625206889,0.1445810822648811,-28292.22774074733,-38158.74235136414
forward,p006,37,-0.07766535574846696,0.14575874555642018,-26092.827330825326,-38241.17698979429
forward,p006,38,-0.07304383210073774,0.14978319095679668,-19506.861771463824,-38118.41843695401
forward,p006,39,-0.06987569546196962,0.14726970126106154,-23105.338466047717,-38072.38480079732
forward,p007,0,-0.07235652735509057,0.14677246265387514,-24026.537371186947,-39148.518009944
forward,p007,1,-0.07066708644229994,0.1435549603563676,-30457.084662914684,-39050.561667745125
forward,p007,2,-0.0717983854318935,0.14760765364578382,-22620.298205642437,-39013.62454404227
forward,p007,3,-0.07146027038608341,0.1489360978136285,-20618.81234040711,-38957.73980499786
forward,p007,4,-0.07066194960776788,0.14600019543547182,-25424.39436831925,-38985.796593305306
forward,p007,5,-0.07078600988047845,0.1459727565937115,-25455.461961627414,-38887.98385424369
forward,p007,6,-0.07158597526076818,0.14756611835242925,-22738.74463281076,-38928.86565782095
forward,p007,7,-0.07344905798057909,0.1462680993104856,-24949.14615196403,-38828.28074984637
forward,p007,8,-0.07086368378798193,0.14633702689770128,-24788.768602846598,-38824.894781972485
forward,p007,9,-0.07033950797227452,0.150421689727253,-18572.47805505473,-38813.97018341125
forward,p007,10,-0.0712793941393116,0.1487266648218498,-20887.292259151523,-38738.18457436726
forward,p007,11,-0.07221103813424544,0.14332307968581615,-30935.253438170475,-38722.41413501579
forward,p007,12,-0.0730350398178244,0.1447904611307744,-27826.76448440127,-38702.486852076574
forward,p007,13,-0.0714620833593911,0.15207314681311473,-16722.203756389616,-38658.78119074526
forward,p007,14,-0.07038584957935559,0.14996587146190377,-19167.490287480352,-38689.59001197668
forward,p007,15,-0.07201656858841587,0.14526210528728462,-26853.69614744041,-38654.66076412052
forward,p007,16,-0.07383399629221811,0.14886742381552187,-20831.23441266868,-38621.238922357574
forward,p007,17,-0.07290681446536271,0.1504526355762424,-18655.700252231152,-38551.99857543685
forward,p007,18,-0.07040062831008516,0.14495282246323518,-27460.384080108663,-38586.242928426145
forward,p007,19,-0.07111257312487161,0.14858939146269873,-21049.975147484278,-38504.47573103203
forward,p007,20,-0.07312807953344702,0.15336836948589588,-15438.16748371761,-38489.354598703976
forward,p007,21,-0.07223357952996572,0.1486295711699233,-21126.786018521,-38533.25229176454
forward,p007,22,-0.07033224659884107,0.14277708135424275,-32233.020243824052,-38446.37413414843
forward,p007,23,-0.06995976980770742,0.1440281369127513,-29342.600313068688,-38404.28757006964
forward,p007,24,-0.07309789550097118,0.14940006630649388,-20049.93376875113,-38441.41611158708
forward,p007,25,-0.07424874553218569,0.14900474600733501,-20613.249887461076,-38377.13792408835
forward,p007,26,-0.07100090392679301,0.14719435088721877,-23285.56389662862,-38268.982262361416
forward,p007,27,-0.0686050708784549,0.1487599236506256,-20777.988533736614,-38356.2128931182
forward,p007,28,-0.07223253845035692,0.14885087964523486,-20775.176296712772,-38312.70870178905
forward,p007,29,-0.07583282764918493,0.1433584073515503,-31134.570462705684,-38344.92398257041
forward,p007,30,-0.07308540630879101,0.1478405422036155,-22231.27678656712,-38441.37999512083
forward,p007,31,-0.06849061765475878,0.15043434178247822,-18442.993484796432,-38366.01393399633
forward,p007,32,-0.0700746191292919,0.1447509479856851,-27788.13516768877,-38336.538579541586
forward,p007,33,-0.07433492829013329,0.14658852234950487,-24391.0449033989,-38343.08161618927
forward,p007,34,-0.07382493531473695,0.15086064213104972,-18111.67467469274,-38334.524875066825
forward,p007,35,-0.06768881300008085,0.14829970011810553,-21325.623131397995,-38280.75355354592
forward,p007,36,-0.06854404627268139,0.14448492126206564,-28219.851875308377,-38257.36541537006
forward,p007,37,-0.07442357046323991,0.1455265990654052,-26405.583764199662,-38293.0240435897
forward,p007,38,-0.07523297703439168,0.14776987228413133,-22449.70805061329,-38266.498461142524
forward,p007,39,-0.0714037353316838,0.14870921161393624,-20889.50757992774,-38125.659967945074
forward,p008,0,-0.06944576524681334,0.14594422157239328,-25389.090170667914,-39238.79948687821
forward,p008,1,-0.06827647669010524,0.1438947266173666,-29622.311214860936,-39076.08616519116
forward,p008,2,-0.071089698282529,0.1477643419690041,-22388.961770442256,-39026.97395059912
forward,p008,3,-0.07231954108110923,0.1515283599311697,-17339.887589989637,-39001.44985178652
forward,p008,4,-0.06894690204621073,0.14705041541195837,-23590.146493910055,-38930.65320040571
forward,p008,5,-0.06758902257454633,0.14286167601611746,-32045.720131349226,-38785.39561075047
forward,p008,6,-0.0693769028039357,0.14672099492048502,-24060.490023565886,-38956.93536207153
forward,p008,7,-0.0740381323961756,0.14851851504022062,-21320.004996654054,-38907.301008570765
forward,p008,8,-0.07107094540285311,0.1475649874968812,-22742.22466063354,-38900.15191537918
forward,p008,9,-0.06663765646740107,0.14862319489457024,-20859.18395149376,-38825.24244163868
forward,p008,10,-0.06588241976070598,0.14686612248829872,-23726.14692032145,-38810.19050255889
forward,p008,11,-0.07175650139891132,0.1447628227555945,-27814.421698630264,-38808.38636442126
forward,p008,12,-0.07441780759562276,0.14580818974307583,-25846.961460888793,-38755.35856034802
forward,p008,13,-0.06860485237005662,0.14951810946323787,-19775.49162059877,-38758.16644321322
forward,p008,14,-0.06667696822917407,0.1524821637466092,-16136.013302507286,-38826.22934787721
forward,p008,15,-0.06884112505026978,0.14889917051714965,-20635.86700558517,-38789.28167030585
forward,p008,16,-0.07466900030352726,0.14767733502025646,-22712.632087944483,-38795.65985936797
forward,p008,17,-0.07358888583360985,0.14900951746107596,-20557.5913705774,-38778.518666879114
forward,p008,18,-0.06532818086894485,0.1452590421719544,-26618.7733288281,-38691.07946760318
forward,p008,19,-0.06719196870201219,0.1468388760758124,-23744.438263984805,-38655.13517353606
forward,p008,20,-0.07359003576360466,0.15041000507554594,-18724.255640255695,-38680.87241708018
forward,p008,21,-0.07296500505003094,0.14732430625564777,-23203.316988408973,-38746.45652426047
forward,p008,22,-0.06792715288895539,0.1448646154161704,-27553.933405178075,-38691.16187514509
forward,p008,23,-0.0658409510631133,0.14668362926995104,-24021.125904873887,-38730.265993131965
forward,p008,24,-0.07244496983750154,0.14497560922604735,-27475.975176357693,-38730.24483530423
forward,p008,25,-0.0738813829583631,0.1487199298410225,-21054.431009353022,-38584.550228239095
forward,p008,26,-0.06802092016778977,0.14825208764458647,-21524.218442962592,-38600.68165689745
forward,p008,27,-0.06515453148447778,0.14592982619753336,-25425.53416247794,-38578.434496525806
forward,p008,28,-0.07147670672390384,0.1464707559091054,-24557.83413654691,-38528.72961662312
forward,p008,29,-0.0745436093336039,0.14649606816327418,-24652.493116316095,-38439.92798984182
forward,p008,30,-0.06868187973067405,0.15071334670209371,-18188.582468243723,-38524.086035619286
forward,p008,31,-0.06566409642733774,0.14696914595520386,-23452.930438162235,-38426.94500872309
forward,p008,32,-0.0714655274395456,0.14091376402651098,-37305.83600622564,-38437.0301203159
forward,p008,33,-0.07256989299863052,0.14769424510145676,-22564.364786090126,-38434.22492152601
forward,p008,34,-0.06638059066611081,0.15436493470789703,-14289.807531955128,-38375.93880513643
forward,p008,35,-0.06834687049362417,0.15033742226202268,-18798.14235368598,-38360.73805603176
forward,p008,36,-0.07491535724224209,0.1484838266465476,-21468.524169790035,-38393.839934934345
forward,p008,37,-0.07249817927046893,0.14623213584065553,-25071.28683556005,-38435.27211563374
forward,p008,38,-0.06620249355501068,0.14551650281683592,-26256.410036849265,-38362.23683818945
forward,p008,39,-0.07029893388611051,0.14726733110269014,-23183.915612120123,-38319.36832682733
forward,p009,0,-0.07024562163390584,0.14473651027497453,-27806.917136962,-39269.06572029999
forward,p009,1,-0.06694016362823856,0.14386093801504068,-29633.50458752591,-39119.055638955746
forward,p009,2,-0.06689353394178611,0.14786345056294628,-22090.536134178226,-39129.87234551029
forward,p009,3,-0.0698248400197552,0.1503747285085896,-18597.17025371868,-39020.08426806345
forward,p009,4,-0.06907993352094095,0.1472019695196432,-23205.424159649236,-39055.815517180905
forward,p009,5,-0.0654995139215945,0.14616696522570508,-24836.945817407628,-38903.601397103484
forward,p009,6,-0.06768267855656315,0.14603547508768944,-25141.411476489564,-38924.02552753921
forward,p009,7,-0.07127509879818719,0.1451273147894286,-27054.091793414613,-38926.65086551053
forward,p009,8,-0.06966676534057246,0.1494365393165578,-19848.211341616174,-38903.979874145254
forward,p009,9,-0.06614892806998614,0.1519195118486713,-16594.102185151016,-38878.049345621315
forward,p009,10,-0.0663557391570667,0.14588113344237966,-25429.057068882918,-38828.55578112611
forward,p009,11,-0.07039870033145812,0.1446060377582704,-28065.61413559172,-38794.56167417228
forward,p009,12,-0.07080504239611539,0.14895189062110525,-20580.610143779253,-38860.10984590503
forward,p009,13,-0.06588140100487927,0.15192012258520834,-16690.358036216756,-38728.85466777886
forward,p009,14,-0.0663175952281064,0.14847092346654825,-21097.623212930223,-38726.14944638581
forward,p009,15,-0.06953667804888555,0.145248019186977,-26715.817475318385,-38780.964907734335
forward,p009,16,-0.07039252819230599,0.14835023615282036,-21350.985797882488,-38632.210634305746
forward,p009,17,-0.06587759447693645,0.1475409415443511,-22462.314440608432,-38656.2139940097
forward,p009,18,-0.06675784923209753,0.14477871593482333,-27629.971618354728,-38607.53694531045
forward,p009,19,-0.07171735243441893,0.1490744807719339,-20424.599514069443,-38594.261531568685
forward,p009,20,-0.06865201250870939,0.15016832322063356,-18836.757453414088,-38602.45604815257
forward,p009,21,-0.0643542456687188,0.14386879157781282,-29506.19085434306,-38499.73133769866
forward,p009,22,-0.06962176283762946,0.1443857491993381,-28507.35919559974,-38534.021518912356
forward,p009,23,-0.07095543353622555,0.14789277507522972,-22130.053224744683,-38552.35250062668
forward,p009,24,-0.06676228012121053,0.14761750452099803,-22412.850725518947,-38470.4624201064
forward,p009,25,-0.06473132038747301,0.14712845684325945,-23138.989155274292,-38479.747734923265
forward,p009,26,-0.07082294417984182,0.1476593308058926,-22457.04929484747,-38505.092103235176
forward,p009,27,-0.0697727038494807,0.147299056530877,-23046.289387915225,-38494.705284919204
forward,p009,28,-0.06452904141260205,0.1464858738460517,-24235.42852303706,-38591.44293487572
forward,p009,29,-0.0681657018326683,0.14369760852124516,-30030.916585716826,-38572.31331447727
forward,p009,30,-0.07126363736798277,0.15259665248853962,-16092.738720092399,-38534.82368749243
forward,p009,31,-0.06790938686893082,0.15350953419556865,-15131.870737824065,-38475.43153006635
forward,p009,32,-0.06572886135175454,0.14214974962365737,-33771.2365030981,-38359.55650179266
forward,p009,33,-0.06901907203874134,0.1441457414900311,-29028.70202357063,-38489.04227778019
forward,p009,34,-0.07169288521184058,0.15328579558821592,-15399.389891033788,-38497.6746534444
forward,p009,35,-0.06767529916564297,0.14994949806795047,-19167.39976788097,-38475.61789749193
forward,p009,36,-0.06645086397551675,0.14557690393218783,-26096.345256460976,-38336.15304585955
forward,p009,37,-0.06737765517554037,0.14731791429860439,-23026.172149038495,-38339.288091459544
forward,p009,38,-0.06936437210465113,0.14764541944059192,-22552.609694517043,-38410.4030838756
forward,p009,39,-0.07077662246027534,0.14242867381182087,-33244.96405024076,-38323.03804047283
reverse,p000,0,0.06850755478712989,0.35511019806608474,120081.9045654198,-39520.937056468
reverse,p000,1,0.06892225823873425,0.3528912881618049,106581.26845106031,-39393.58189847281
reverse,p000,2,0.0707563510759348,0.34997879065090864,112302.40887067778,-39309.68871479621
reverse,p000,3,0.0648955249595341,0.350396643849609,128809.8538522534,-39389.13896079872
reverse,p000,4,0.06332765487248358,0.3465991212623884,129109.60240336959,-39244.35793787199
reverse,p000,5,0.0635846216549533,0.34472390200064756,125001.12283222063,-39213.7134164277
reverse,p000,6,0.06774511189470243,0.34601897990367303,119415.58812289289,-39205.72971161441
reverse,p000,7,0.06283891725701828,0.3505915398007705,117186.2847024898,-39210.91929862975
reverse,p000,8,0.06256392094864684,0.3534428223249344,124315.23885686276,-39115.66161573495
reverse,p000,9,0.06354159466855021,0.35676467940421586,139852.18538370548,-39182.30180724466
reverse,p000,10,0.06954898202990234,0.35541200169736675,120710.47059154481,-39245.27713246314
reverse,p000,11,0.06979864704804345,0.3535955324261858,101770.87112139026,-39065.79628938714
reverse,p000,12,0.06754474279806211,0.352011672194578,107892.23185117246,-39067.47211174797
reverse,p000,13,0.06910116799497636,0.3566616146730487,128704.43306394925,-39118.21077789683
reverse,p000,14,0.08288515471536252,0.35752309288930306,104990.30066608897,-39098.724662766996
reverse,p000,15,0.07311181229511074,0.3629342517062353,98142.4462618047,-39060.20331355612
reverse,p000,16,0.0684179675122491,0.36913861037835144,101110.32756370056,-38913.990089136474
reverse,p000,17,0.06708283156241324,0.36932643219904937,121433.27397399826,-39051.17278624446
reverse,p000,18,0.07792626992890159,0.36727231295227447,118032.32671625548,-39017.875083434345
reverse,p000,19,0.07200016807435393,0.35860353141593665,117097.57816980476,-38954.33129091115
reverse,p000,20,0.07293061330208658,0.34698344327129965,102776.85351534034,-38979.0683387815
reverse,p000,21,0.06749224448416256,0.3432709927518926,103708.49572099702,-38989.87241588884
reverse,p000,22,0.07233206520792981,0.34105632312141515,111235.81272701937,-38885.39236666262
reverse,p000,23,0.07009544438877802,0.3406049353364173,125931.82276031355,-38789.71094537436
reverse,p000,24,0.06832272846545502,0.3397352610647599,124332.93104732031,-38920.775856389984
reverse,p000,25,0.0656967256975062,0.3432383395857485,111426.31525760875,-39055.78827034746
reverse,p000,26,0.0661132318100583,0.3497305658140967,106627.5782677226,-38698.57464832279
reverse,p000,27,0.0667001600368258,0.3558454417490027,112365.04261895924,-38786.14069118904
reverse,p000,28,0.06627399585567553,0.3572373711044067,133062.65817056567,-38708.633379998704
reverse,p000,29,0.06801024491588915,0.3537328249737687,122453.79100260261,-38736.05678631603
reverse,p000,30,0.07139494853161422,0.3514299445260916,103082.24888782308,-38683.45600808299
reverse,p000,31,0.07343844719777542,0.3538605308642471,97661.64031690196,-38584.17071114601
reverse,p000,32,0.07176300779665788,0.3464144136103016,110381.13155406399,-38595.55718434337
reverse,p000,33,0.06684399741923432,0.3483061175274253,120113.0588661556,-38623.09267575387
reverse,p000,34,0.06801714444430149,0.35150965815163654,112341.59286034654,-38619.04516402802
reverse,p000,35,0.06839703540293401,0.355590836533554,102476.0614861816,-38581.90136705768
reverse,p000,36,0.06710060356135208,0.35764280747288313,111336.33799284403,-38481.15020469012
reverse,p000,37,0.0617923576541647,0.3526707761225311,143225.67134970162,-38575.531997783124
reverse,p000,38,0.07186916076238918,0.34659743025632067,112427.44401874134,-38501.4672880467
reverse,p000,39,0.07120159816736561,0.34330354422834,100127.4532221744,-38397.91218710465
reverse,p001,0,0.07062995551701427,0.35200512614269447,140577.83810130326,-39370.05354161149
reverse,p001,1,0.07199600711805917,0.3497862964497819,135011.36537229773,-39261.71551703695
reverse,p001,2,0.07499166460529838,0.34616804043093236,121162.45107161743,-39196.862821214694
reverse,p001,3,0.0691193199726947,0.34825172328181236,120315.68768367698,-39295.576488190345
reverse,p001,4,0.06511155635722074,0.34720426668994026,124312.99312553415,-39235.833178974346
reverse,p001,5,0.06814303921845168,0.34620797892791655,132045.9210243289,-39116.19941402973
reverse,p001,6,0.07311704320292049,0.3490863668704133,145552.3805438347,-39191.55178659734
reverse,p001,7,0.06921281800466951,0.34970681083026955,124317.31786952727,-39166.54640557425
reverse,p001,8,0.07108608868639313,0.3486969081061831,100453.44887743634,-39056.31150743275
reverse,p001,9,0.06886157077654947,0.349311896186184,119057.83537071716,-39162.10956063954
reverse,p001,10,0.0760680086433998,0.35522088322884865,140144.54649624374,-39126.83983215818
reverse,p001,11,0.08154584632491031,0.3569814554987092,123174.34732860053,-39066.49072707874
reverse,p001,12,0.07803476668152563,0.35640388623522073,98141.16872873495,-39073.81476401267
reverse,p001,13,0.07334843125148158,0.35928253291771883,101710.50297763417,-39073.780800968256
reverse,p001,14,0.08084513899252752,0.3573777538745637,118204.57366769962,-39017.81614845828
reverse,p001,15,0.08633785874882562,0.36050704798148997,127230.05196274383,-39123.45822258147
reverse,p001,16,0.07757186491435122,0.36265769862750397,121097.2190967903,-38964.14582984793
reverse,p001,17,0.07252993636389435,0.3563481811191576,105402.1243791079,-38922.57841431778
reverse,p001,18,0.07065183745785293,0.3493228029975973,104011.93709851993,-38944.696060672555
reverse,p001,19,0.08173496747565517,0.34337955398093795,123411.34852632432,-38947.72235111327
reverse,p001,20,0.08237621269092095,0.3420276639753303,153118.9895737066,-38844.96523013277
reverse,p001,21,0.07725008270588926,0.34760202849690747,122269.38966308665,-38910.32569607989
reverse,p001,22,0.06820121204144922,0.35279088173237616,97385.3967798033,-38856.37562785888
reverse,p001,23,0.06996971520911309,0.3596252153920588,101839.2176855176,-38867.39581432644
reverse,p001,24,0.07667018991263258,0.36489436724052915,137939.42700650892,-38797.95787039724
reverse,p001,25,0.0766978919306042,0.3665289078551731,157191.56236647503,-38836.007045283375
reverse,p001,26,0.07255489744858545,0.36058910948839795,128648.90143601428,-38857.50333783975
reverse,p001,27,0.06511170914926243,0.35121319890675695,114713.1992138086,-38752.251673698505
reverse,p001,28,0.06965671695891594,0.34454644258913947,127080.81921515326,-38754.993888023935
reverse,p001,29,0.07518047941297233,0.33640573073868796,144973.43778512298,-38824.43463633396
reverse,p001,30,0.07273983790098057,0.3364278262591323,150880.45736168014,-38756.44148160341
reverse,p001,31,0.0651527044710806,0.3403925357551373,143514.43854841267,-38670.7186085072
reverse,p001,32,0.06977317016249715,0.3467453531608034,104603.84496572023,-38679.1690180672
reverse,p001,33,0.07723872138700631,0.3599200517339791,108504.62780792516,-38662.57199928533
reverse,p001,34,0.07158993876733655,0.367478276684675,145020.37422152038,-38629.01982782995
reverse,p001,35,0.0705673109342328,0.37247630548681027,156760.83878348995,-38593.44391498895
reverse,p001,36,0.07602244564590947,0.36981631110334495,113247.70810628592,-38534.20963946839
reverse,p001,37,0.0772134083219474,0.36290387858985373,96281.53695929327,-38512.506930668715
reverse,p001,38,0.07673232838889447,0.3551131886679722,102357.36118935322,-38502.30101839822
reverse,p001,39,0.07657290687387867,0.3518502420390072,129682.21879030258,-38452.81591417002
reverse,p002,0,0.07802792031446018,0.3557993005542779,136224.601965066,-39364.37281906372
reverse,p002,1,0.07774649174102233,0.3569713895565473,125003.7222731362,-39232.47311427359
reverse,p002,2,0.07950930853240731,0.35664534617233257,125231.40764406504,-39171.218485745216
reverse,p002,3,0.0784889556030181,0.35853776995374165,141862.36661673643,-39175.77133540198
reverse,p002,4,0.07956135591302524,0.3528527112756575,141718.46310218016,-39112.571347208184
reverse,p002,5,0.0734017590352602,0.3465047694833457,129355.35365034873,-39116.702754628044
reverse,p002,6,0.07268723257625774,0.34230003322295643,129655.4705806768,-39043.45158145911
reverse,p002,7,0.0737518944971075,0.34172487560030823,133006.1500815523,-39164.7831774956
reverse,p002,8,0.07948325408256102,0.3410815939706137,138683.20627880562,-39004.554528930996
reverse,p002,9,0.07059062634343258,0.3431226804721038,156322.64849265767,-38967.64604920133
reverse,p002,10,0.07801853261260148,0.3459842936986134,126417.80839240985,-39168.0440730106
reverse,p002,11,0.08608319908601347,0.3493598705951898,113226.09518203614,-39136.939103258235
reverse,p002,12,0.08488233824772928,0.35345382964746347,128526.28051808247,-39041.77259140862
reverse,p002,13,0.07998951851610338,0.35956083551158813,131530.4590872018,-39120.69791192292
reverse,p002,14,0.08747704805179414,0.3601943832936836,107093.4050345466,-39077.19644971558
reverse,p002,15,0.08616646187216663,0.3644529470545914,112120.49872555977,-38938.931963505
reverse,p002,16,0.08771141713495768,0.3613395935758962,129641.75480208936,-38924.26726535957
reverse,p002,17,0.08310175090513847,0.3520478143309789,128240.06505966629,-38944.22008987937
reverse,p002,18,0.08156222492657843,0.34767841401090105,113282.62600415005,-38874.44520311394
reverse,p002,19,0.07723814812002859,0.3429651954016725,116333.94149380771,-38776.10558656343
reverse,p002,20,0.07992100522374494,0.3434487894814229,130215.76446598602,-38707.80414941838
reverse,p002,21,0.07836675618369042,0.3450539954334536,151815.77085545493,-38757.81979937083
reverse,p002,22,0.07646542484151919,0.3487687005075926,142102.32803447405,-38758.516821127836
reverse,p002,23,0.07264536162499217,0.3491595479939724,116930.71886336713,-38624.41487070376
reverse,p002,24,0.07432183083501737,0.3507832004680913,114511.58930343669,-38785.139031052175
reverse,p002,25,0.0766684464463365,0.3547813796431593,138289.42008355082,-38785.99732041829
reverse,p002,26,0.07761855964407989,0.3536535034796511,156923.20699836043,-38636.61066844044
reverse,p002,27,0.08029704099733749,0.35439525094173996,131562.26343883292,-38638.311497626666
reverse,p002,28,0.07232350991930644,0.35545856027417244,123765.29350554637,-38645.67685437208
reverse,p002,29,0.07742681704666148,0.3565376380179543,124751.04096784917,-38643.39065840315
reverse,p002,30,0.08071992728058683,0.3603918770654971,148192.63081245933,-38646.31414468697
reverse,p002,31,0.08085555048016095,0.3641259845062419,146594.81257255678,-38660.49716895708
reverse,p002,32,0.06831167403544436,0.3613766810058099,133793.20748294963,-38561.92785978023
reverse,p002,33,0.06886977925841206,0.3629238879247168,119911.64683917337,-38470.58713833457
reverse,p002,34,0.07560880522413693,0.36260081236016045,134835.3461007816,-38540.52865676445
reverse,p002,35,0.08331672194864265,0.35901293993890415,147208.24660791046,-38652.96689199115
reverse,p002,36,0.07957397396246499,0.3538284126696796,138332.66080673647,-38438.94004233576
reverse,p002,37,0.07063991290801552,0.3487634684612669,122613.94481155771,-38529.967221162966
reverse,p002,38,0.08113922251233846,0.3461172652133292,109255.4958496665,-38455.611602286204
reverse,p002,39,0.08251336896464943,0.3488017624132777,133944.9768332467,-38434.63618784156
reverse,p003,0,0.07915355122275221,0.3479438341953054,129776.5773625793,-39326.330267248944
reverse,p003,1,0.0820465887685935,0.34521410216197107,125053.96531188284,-39242.3369907552
reverse,p003,2,0.08255993852626288,0.3426665833042818,141044.91313393155,-39118.78863909638
reverse,p003,3,0.08306429867321194,0.3469732562188485,165939.515058337,-39094.09239539692
reverse,p003,4,0.07855655845944985,0.34731594074591976,152201.06212848413,-39092.54861961845
reverse,p003,5,0.08009267796793965,0.34567898983158507,134424.75787675325,-39075.16506381273
reverse,p003,6,0.07541410756526104,0.3475640488590514,143284.2573704408,-39115.90237712015
reverse,p003,7,0.07824100534515253,0.34754326402080593,161788.12883719482,-39055.252713856855
reverse,p003,8,0.08596748125311598,0.3478241661726055,143082.99931189284,-39073.88032790848
reverse,p003,9,0.08158030059016813,0.3496316749268219,142712.38680070598,-39099.59091869222
reverse,p003,10,0.07634039832323149,0.3470117552329183,156098.60130156443,-39016.179771473064
reverse,p003,11,0.08650264613675324,0.3429332769238898,137730.37401613293,-39025.347737671706
reverse,p003,12,0.09469374935825275,0.3413797143735086,119922.36057473347,-39001.00848278441
reverse,p003,13,0.08573945901317283,0.3482234102837343,133573.4801182624,-39010.93348973563
reverse,p003,14,0.08337396432664876,0.3557724455231619,136897.43832262795,-38943.26301829844
reverse,p003,15,0.08463058817891568,0.3645233336359366,133036.56526620165,-39001.846042552555
reverse,p003,16,0.08682724694873149,0.3682639844627204,126490.36838052643,-38966.33583786034
reverse,p003,17,0.08537967519402957,0.3620771382527328,129429.59091839299,-38839.63092286853
reverse,p003,18,0.0827641062191732,0.35500796117402295,136618.61715085752,-38892.45482387871
reverse,p003,19,0.08856525889459435,0.3473219951094698,130811.3252047507,-38811.78393076151
reverse,p003,20,0.08822821705429029,0.3418187662938783,135552.48655121445,-38723.04484541771
reverse,p003,21,0.08400787214187122,0.34163432846612857,154054.2547598102,-38692.01699477072
reverse,p003,22,0.07648057610478248,0.3412651782204485,160484.95191624833,-38818.310470369426
reverse,p003,23,0.08097553891503603,0.3438680314605102,129108.6740672692,-38777.47384584055
reverse,p003,24,0.08202089446932283,0.35229286461842946,135437.08036197623,-38719.2417404743
reverse,p003,25,0.07842232733624548,0.3613090686756707,175203.75226278984,-38680.59843850258
reverse,p003,26,0.07370027434735783,0.3634348743877497,162322.4169314558,-38727.100413740074
reverse,p003,27,0.07825173265155623,0.3588906933844027,131350.8017693075,-38572.48389131621
reverse,p003,28,0.08258822999332087,0.350370926597345,126513.40953036156,-38500.51587882648
reverse,p003,29,0.08931307145811808,0.34239324241380104,140481.01976979175,-38699.19730064472
reverse,p003,30,0.08773608544623618,0.3425268192211896,155258.18940691676,-38714.663920557505
reverse,p003,31,0.08729363614834898,0.3490396315507019,139020.5107214278,-38546.78359283437
reverse,p003,32,0.08307594319611566,0.35587788973199613,140032.51360696403,-38555.47556358378
reverse,p003,33,0.0834097287085502,0.3642255354490884,135811.14479883615,-38514.83091457757
reverse,p003,34,0.08818326430946968,0.36501557314716865,129467.3182099527,-38501.086652802485
reverse,p003,35,0.08782393503855349,0.3613542263446656,139010.7709650318,-38522.193324952226
reverse,p003,36,0.08618517683311272,0.3570204322183856,142695.9900904032,-38416.09300590791
reverse,p003,37,0.0774046513276296,0.34862924663647454,138396.70321240678,-38423.95953779762
reverse,p003,38,0.08502302205440285,0.34255711943935613,124627.068537624,-38400.96864346722
reverse,p003,39,0.08063575749685263,0.33707933302810295,146173.94949148005,-38404.399399367336
reverse,p004,0,0.09174738752238785,0.35952333060261454,144588.9028325763,-39145.024558356614
reverse,p004,1,0.09183644631456671,0.35305502564964686,155195.50096691446,-39036.43588968365
reverse,p004,2,0.09214905586804924,0.347541111441867,150745.4853013675,-38985.520129326644
reverse,p004,3,0.08918261031370063,0.348740782672756,154328.59806100168,-38876.05510842211
reverse,p004,4,0.08430460934179253,0.3475938394469658,158700.88110738157,-38925.56666593216
reverse,p004,5,0.08372010404401907,0.34640320077592157,163402.86349614678,-38928.35411963727
reverse,p004,6,0.08374319043010241,0.34632556112547125,167701.40023479704,-38967.6344242201
reverse,p004,7,0.08328237568791678,0.3462159194489975,167418.0155900964,-38860.19697012253
reverse,p004,8,0.08434984574502888,0.347456015155475,162176.15077861887,-38888.653847203954
reverse,p004,9,0.08365245700469955,0.3495583942877873,147201.8498920793,-38939.654463914805
reverse,p004,10,0.08562270817990154,0.3492567894850243,150581.38868814675,-38912.62594695951
reverse,p004,11,0.08952594982581691,0.3489669422403003,162910.2576691487,-38845.620598325375
reverse,p004,12,0.0964430730010396,0.3435727049225275,153553.54052649962,-38849.47360293531
reverse,p004,13,0.0951301771811723,0.34208912534915314,130282.08059221413,-38801.79874189086
reverse,p004,14,0.08741293873509369,0.33895936346253047,135692.05549308626,-38795.248687795436
reverse,p004,15,0.08222095586254989,0.3421425788885442,167415.3874489653,-38709.65305057044
reverse,p004,16,0.08866730683326236,0.34619688876002086,167626.33446636554,-38743.99902225596
reverse,p004,17,0.08864121293342281,0.3428244312717491,167476.7345014194,-38772.69129529214
reverse,p004,18,0.0777697856124843,0.33956822644206847,159333.46896415675,-38751.59870066463
reverse,p004,19,0.08181945291837743,0.3339433780861662,152808.42071423406,-38673.580511921435
reverse,p004,20,0.09636295456085152,0.33564371133200105,144132.65664534044,-38617.95245148016
reverse,p004,21,0.08979780808237466,0.341391309650375,162848.72414328862,-38644.359102825416
reverse,p004,22,0.08170375804721655,0.3470240001571529,165727.78485285077,-38654.89419783867
reverse,p004,23,0.08873658801065869,0.3497237585216625,133910.95610947942,-38580.54731857029
reverse,p004,24,0.09273073562131703,0.348859387131687,134190.63582614486,-38596.49920966102
reverse,p004,25,0.09284122964469292,0.3474124447031801,165374.79309081758,-38530.92655702123
reverse,p004,26,0.08971852941072357,0.34660618601499876,180085.38701684546,-38579.082732436145
reverse,p004,27,0.09818280264702753,0.344776110405515,147406.61210037634,-38452.9065912215
reverse,p004,28,0.08267844762051949,0.3463116786750978,138820.11204924883,-38512.62462979095
reverse,p004,29,0.09116036739115056,0.3441366291528005,129866.74816117837,-38506.768291587316
reverse,p004,30,0.09563295372051735,0.3449269649308925,154562.25860537164,-38522.732416281724
reverse,p004,31,0.10123365486820997,0.34925677894793616,183827.53664424497,-38426.30057009563
reverse,p004,32,0.08654559470015974,0.3515968750512747,169029.5869602054,-38359.98820831672
reverse,p004,33,0.08750175781492835,0.3572791586426146,128294.42654828168,-38439.898500914474
reverse,p004,34,0.0898173358341499,0.3585515809420052,123520.3783710683,-38320.76460735555
reverse,p004,35,0.09213626488812698,0.35613736126764506,160271.15494496358,-38355.591509747625
reverse,p004,36,0.09563496001211527,0.3547578632531816,187962.67487693595,-38377.243150000795
reverse,p004,37,0.09149699287973954,0.35359535505607653,166517.18106282616,-38324.62661293545
reverse,p004,38,0.08971061688053654,0.35261837719507844,121851.64236360649,-38342.442565954356
reverse,p004,39,0.08411450648643805,0.3524971971897651,130690.28602285168,-38241.62753908292
reverse,p005,0,0.09261187805277289,0.35501252610460415,153131.96579221502,-39113.80628309568
reverse,p005,1,0.09400319028998359,0.3540682121080466,150631.27773219912,-39045.85306708704
reverse,p005,2,0.09522429674438317,0.35011217342927686,172521.32618726097,-39072.08663605539
reverse,p005,3,0.09510341012384688,0.3531819960433771,213775.755231652,-39069.07135877821
reverse,p005,4,0.09656554224389258,0.35232213397079853,179634.07800037885,-38943.72120006832
reverse,p005,5,0.09074395572998466,0.34938517000601754,155322.1449540719,-38970.73403602082
reverse,p005,6,0.09370602363624166,0.35073976636522586,149429.1773014968,-38942.74159135365
reverse,p005,7,0.08793583964919828,0.35111602747072373,194500.8333232883,-38900.826928618146
reverse,p005,8,0.09309860264839787,0.354101869257478,199113.99656893458,-38935.18980771321
reverse,p005,9,0.08609769484591767,0.3534704315583482,180710.3429708258,-38951.53773263183
reverse,p005,10,0.09044845851870927,0.34969959627205627,144831.60454256047,-38860.944444444656
reverse,p005,11,0.09879285035052147,0.345305533433313,135614.40940081334,-38947.57173530455
reverse,p005,12,0.10702469893411957,0.3432435674138522,144877.44475171814,-38880.42142129304
reverse,p005,13,0.10362910773072274,0.34997308792858517,153743.02306241594,-38851.5181516006
reverse,p005,14,0.10359533768149495,0.3562725759870086,150380.1148378477,-38860.56722776941
reverse,p005,15,0.09920113735974496,0.3648771107522969,142428.22589289403,-38841.04139769942
reverse,p005,16,0.10074803105889592,0.3664125797237884,133918.9633750986,-38751.99032204902
reverse,p005,17,0.10215444292924547,0.3573896728500258,136760.16447079854,-38713.15161966512
reverse,p005,18,0.10028509346666785,0.34896449065034474,169238.74983306872,-38763.147530608476
reverse,p005,19,0.10060431423558046,0.3402046861599178,183181.1515033752,-38763.496225832685
reverse,p005,20,0.097765184922237,0.3363989864803027,172119.21303412848,-38722.05616666649
reverse,p005,21,0.09780452187006618,0.339310401807336,131594.43852668145,-38643.45094685748
reverse,p005,22,0.09344841820572686,0.3438955172583781,143874.17915108087,-38586.85577237423
reverse,p005,23,0.09278928491121775,0.3545967570193582,176641.39850911545,-38598.62509367535
reverse,p005,24,0.09331383714224685,0.3617998579367001,204626.50601900433,-38561.83424638843
reverse,p005,25,0.09198918012895747,0.3659202996531188,183006.4150502103,-38518.96869469533
reverse,p005,26,0.0889168616626097,0.3656799562664226,151714.49348946902,-38570.455544252865
reverse,p005,27,0.09208696224948767,0.35884478568314176,155973.52811452333,-38457.20941657001
reverse,p005,28,0.09486838112795447,0.35475106299377285,188308.1875833246,-38441.71787158026
reverse,p005,29,0.09588050364038982,0.34991098420751326,196502.2919634724,-38491.594176835584
reverse,p005,30,0.09232433378666391,0.3472657639504235,155747.02819205882,-38515.31562673443
reverse,p005,31,0.08953128953560012,0.34840940626332234,135038.539857478,-38428.616533343666
reverse,p005,32,0.09353649359810338,0.35097999977843114,151219.04268771454,-38373.5480379612
reverse,p005,33,0.09581598329973023,0.3580335794402403,214403.19889190627,-38358.86568770908
reverse,p005,34,0.09229413501977651,0.35767345677086293,229932.8741265048,-38342.573076413464
reverse,p005,35,0.08654111760243682,0.35655743969122505,178318.93984373956,-38342.991097597725
reverse,p005,36,0.08870939129680021,0.3486468335652778,130056.74856243731,-38198.02190215001
reverse,p005,37,0.0885024880237222,0.34254206270334325,147260.18810364328,-38210.1435821332
reverse,p005,38,0.09418308973600205,0.33829731646176575,206867.80471936945,-38133.177123069676
reverse,p005,39,0.09323208576552934,0.33804092324408247,216149.15962369434,-38108.535811788155
reverse,p006,0,0.1048422307623708,0.35059835545312085,168932.12265790763,-39233.860509726044
reverse,p006,1,0.1015602093724236,0.350943619758832,171010.8699101527,-39169.59679952398
reverse,p006,2,0.1016569359584029,0.34975755879017506,169201.95915883366,-39120.25608867433
reverse,p006,3,0.09841086049834294,0.35475198829742105,182058.22655483944,-39013.51869555982
reverse,p006,4,0.0974742621294798,0.3531985359040403,186968.26824472315,-39073.3793252319
reverse,p006,5,0.09615809288090921,0.3475772402970451,181107.71122759083,-38987.890430102954
reverse,p006,6,0.10290440656728177,0.34631996175991964,154617.02739040757,-38964.12779999206
reverse,p006,7,0.10298751292831501,0.34629016242759814,168845.95381748007,-38931.55679598378
reverse,p006,8,0.09824494728076512,0.3483598573354841,214032.87730244553,-38951.25338359756
reverse,p006,9,0.09331433193019152,0.34915784067777356,213170.29302613478,-38929.84903721587
reverse,p006,10,0.10252310307358606,0.34798545470011977,144533.19773975454,-38834.16017676692
reverse,p006,11,0.10881948342161815,0.34538701102819314,133154.64082520516,-38961.315734125455
reverse,p006,12,0.11071866296263821,0.3440202316060704,163231.15635619426,-38977.866830677536
reverse,p006,13,0.11135396107826243,0.3496904630280278,173168.2822104179,-38952.3970458016
reverse,p006,14,0.1230931884782814,0.35415309166772385,156681.62281472338,-38818.6509048235
reverse,p006,15,0.10919487311851675,0.359477697895329,156797.53835689335,-38849.17700491326
reverse,p006,16,0.10500820976233935,0.35765264222684684,153334.8265496875,-38767.55163142037
reverse,p006,17,0.10820847790319219,0.3492152022392148,153843.88247927488,-38887.71099677903
reverse,p006,18,0.10375566186166083,0.3462612365380866,167301.7935489214,-38875.325744893475
reverse,p006,19,0.10036745376543774,0.34507325945274325,181613.424180352,-38785.30387465519
reverse,p006,20,0.09812039080869507,0.3462547662898883,209234.55728014486,-38785.73300142042
reverse,p006,21,0.10207674461149087,0.349019890091634,178020.86217101684,-38747.47220102599
reverse,p006,22,0.097605966479563,0.34745479629523696,159758.24746839097,-38740.99407831335
reverse,p006,23,0.09702766493526879,0.3467710762213043,163861.81363105236,-38771.69385844712
reverse,p006,24,0.10000472483810686,0.34568652227348906,194365.6115516971,-38712.205269003636
reverse,p006,25,0.10428268417539116,0.34739098327113405,195813.8786993581,-38648.48264288159
reverse,p006,26,0.09686240400297802,0.35078921766193505,184598.4966140493,-38597.15597975733
reverse,p006,27,0.09418886435964993,0.3518112844543334,176613.19583982407,-38592.31772657437
reverse,p006,28,0.09385832733284726,0.35454244650585726,172430.28050544273,-38609.635706395944
reverse,p006,29,0.09916721196258282,0.35238809620491973,199624.38797866728,-38447.64809331995
reverse,p006,30,0.10564389932170946,0.3509350400002626,229844.85161196513,-38526.94851747704
reverse,p006,31,0.09784730488258118,0.3500602292652325,199645.6256382086,-38503.01704006696
reverse,p006,32,0.0966461044747939,0.3512666811134938,150212.2074323362,-38579.15026800758
reverse,p006,33,0.10115082072343069,0.35908400704566434,151084.5041903136,-38446.33016081982
reverse,p006,34,0.10931883176195897,0.3629791763215212,184541.62573875365,-38437.57624924768
reverse,p006,35,0.1040502567631649,0.3630176074853,237123.5698220444,-38455.55736221517
reverse,p006,36,0.10093447399250026,0.35881439176326546,193997.5952726113,-38344.34743535187
reverse,p006,37,0.09733382915033481,0.35509079860487663,149651.89039418314,-38319.653131470695
reverse,p006,38,0.10266156353923976,0.3572509276834048,140945.8648499641,-38250.51516250173
reverse,p006,39,0.1038940388243192,0.35857550583629755,185797.00226744378,-38371.11222586992
reverse,p007,0,0.10298228905958232,0.35916494576098773,178765.24031061624,-39214.84284271483
reverse,p007,1,0.10129828601893658,0.3561722640145642,166313.03677983215,-39039.49327696403
reverse,p007,2,0.11048667849961308,0.34816522807606703,172005.93979163968,-39099.641138955514
reverse,p007,3,0.11255835400209001,0.34654774897373486,223624.7308685839,-39050.25082136935
reverse,p007,4,0.1140289808125438,0.34421541815815565,213343.94400704553,-39013.336440209925
reverse,p007,5,0.10461375013993893,0.34526954663301485,196342.37896245462,-39012.21011983689
reverse,p007,6,0.10543019479099085,0.35031809946686854,166415.58576674352,-38971.45134109058
reverse,p007,7,0.1054781959278333,0.35317148257257464,188984.746008213,-38936.06448699423
reverse,p007,8,0.10827649417483103,0.35571561533292984,219732.80554307686,-38936.298514439986
reverse,p007,9,0.10518154826037862,0.3553119330176269,221956.46155974042,-38929.07298729874
reverse,p007,10,0.10216358227490879,0.35536391242307347,191504.4065605817,-38929.33864009891
reverse,p007,11,0.11271939328448094,0.35462828683307196,155579.49523999894,-38925.89355828031
reverse,p007,12,0.10940085662578447,0.3530856267425538,175382.1544481395,-38953.92955120979
reverse,p007,13,0.11176143140296478,0.35268874583147486,208483.3025120595,-38938.76919414164
reverse,p007,14,0.11497042455931875,0.3503789964458575,175767.0576084578,-38934.59403499242
reverse,p007,15,0.12482159431331458,0.35167148986045277,155367.96169594355,-38980.8422287078
reverse,p007,16,0.11967373424586697,0.35903420145710435,162829.22884333512,-38968.10378424506
reverse,p007,17,0.11594675945083838,0.35976154140018596,173317.7606393028,-38928.22262955339
reverse,p007,18,0.11341076645365111,0.3582775152617642,191004.98222771,-38889.2172868825
reverse,p007,19,0.116716742418868,0.35319097188671406,185829.15984385868,-38856.93344997306
reverse,p007,20,0.10645018788590249,0.34460375067986654,181968.120917107,-38762.14691618398
reverse,p007,21,0.10490513499308492,0.3416966425323556,173913.84023778417,-38695.050956799794
reverse,p007,22,0.10333724176979246,0.3390986797164107,173694.96841236565,-38659.003336329755
reverse,p007,23,0.1084178215179202,0.3399668942951718,192878.40729384596,-38626.42028220033
reverse,p007,24,0.099942199429432,0.3435925928319578,231209.6550187702,-38604.752462449556
reverse,p007,25,0.09967059837727976,0.3438185509299457,221339.07240939798,-38527.20406855902
reverse,p007,26,0.10374557517454851,0.3427625072404551,179644.11988217995,-38551.18541694495
reverse,p007,27,0.1113678355806594,0.33906619000460925,172833.1090440891,-38553.97050711166
reverse,p007,28,0.10903377362570553,0.34340797138561513,189833.7792797066,-38477.35146575322
reverse,p007,29,0.10749393406425008,0.34863887144602523,223992.0763898301,-38515.4494014216
reverse,p007,30,0.10687408111788899,0.35490676425155065,206237.42452658206,-38378.47629512049
reverse,p007,31,0.10935130178626237,0.3595008565823735,168901.12620579783,-38327.491248236314
reverse,p007,32,0.10655925856453276,0.35880639673706827,162423.51733380236,-38376.09711358852
reverse,p007,33,0.11261620695124938,0.36350981997890364,174259.0176786828,-38383.0585081357
reverse,p007,34,0.11423044064277378,0.36848536201058185,194479.18299198715,-38310.578152414964
reverse,p007,35,0.11155124041788277,0.3698533644410296,199474.76605213952,-38345.707910724435
reverse,p007,36,0.1092987187925281,0.36686401902477644,180867.60189329466,-38354.74057873263
reverse,p007,37,0.10757911115726682,0.362573232874097,161333.7820719593,-38348.85411135826
reverse,p007,38,0.11776379878121751,0.35486673047091877,158325.67356362028,-38275.03992221237
reverse,p007,39,0.11480339685400541,0.3514439341166596,211545.53533218338,-38236.88913339273
reverse,p008,0,0.11453124555304552,0.36188065235731026,210593.5732858928,-39012.507083704026
reverse,p008,1,0.10667482027912,0.36163226970198703,164579.3911360188,-38970.33860567724
reverse,p008,2,0.10835805474973292,0.35787166702752055,169258.500541894,-38978.85086733286
reverse,p008,3,0.11572452616503018,0.360329751336398,228160.71678286733,-38921.509929793596
reverse,p008,4,0.12012143038413228,0.3607796017584913,267938.4374184608,-38932.720548246434
reverse,p008,5,0.11332517184639594,0.3577267583621692,226833.110590337,-38812.4969992282
reverse,p008,6,0.11376283363723033,0.35884360460001963,150748.59310564058,-38764.25929467553
reverse,p008,7,0.11584912098521721,0.35780562753418954,146001.03099155036,-38749.95519595867
reverse,p008,8,0.1258974293884606,0.3613971854983982,189443.29574793307,-38846.26712670842
reverse,p008,9,0.1196252737433212,0.3647383964895206,260170.41246308928,-38840.82118182427
reverse,p008,10,0.10696783038835116,0.36519693056933755,261295.1657592858,-38726.15746744166
reverse,p008,11,0.11700443422900736,0.3624743384524139,161250.7285039252,-38787.93267017824
reverse,p008,12,0.12137204444918381,0.357525574436008,134034.3731330003,-38791.07048357515
reverse,p008,13,0.11743852540529007,0.35619119943606115,178421.8467445337,-38723.775259868155
reverse,p008,14,0.1234883420303636,0.3545947020620773,222203.58404828355,-38757.652823651806
reverse,p008,15,0.1286195995109335,0.35794065716263956,199806.14451332053,-38700.08748340228
reverse,p008,16,0.12223409524054649,0.36199066909570504,171512.05980625254,-38707.95786484699
reverse,p008,17,0.11843980683277809,0.36251712130826635,145394.32186850303,-38642.68870294679
reverse,p008,18,0.1179133530907973,0.35614585959384737,177589.283087054,-38861.76893388646
reverse,p008,19,0.13127703877919386,0.3503283283551546,204405.7842915673,-38647.01053802253
reverse,p008,20,0.12364769637961996,0.346172880046488,229308.4840913193,-38584.18969281501
reverse,p008,21,0.11257216523933997,0.35173312887948543,207753.11691705734,-38656.654004035256
reverse,p008,22,0.10741426970429248,0.35715642290465044,167225.42181362468,-38683.60118526833
reverse,p008,23,0.11236658806347222,0.3547007449603423,166875.7150634455,-38652.11280790543
reverse,p008,24,0.11629911563172804,0.35393335756565847,217128.28648880223,-38615.5328532616
reverse,p008,25,0.11639870190068669,0.35231875269543933,254012.30487993537,-38595.90458902421
reverse,p008,26,0.11412327407199764,0.35574946586285766,203641.02359088644,-38530.94340684873
reverse,p008,27,0.11602702414842203,0.35827547450469627,156144.08089589374,-38576.191750790385
reverse,p008,28,0.11580725544014385,0.36356229415842783,164822.39195037624,-38558.8878385743
reverse,p008,29,0.11738586202389856,0.3661714119435453,219095.87577831786,-38471.98847445383
reverse,p008,30,0.12228935561653265,0.36522639718906647,234238.47716925465,-38488.868131301526
reverse,p008,31,0.12349910175096569,0.36396885986892286,193148.6724228732,-38411.51599220779
reverse,p008,32,0.11853635823115068,0.3603915661720928,164071.01140933033,-38452.67119314421
reverse,p008,33,0.11506567661274235,0.361585497606045,170639.29529837822,-38506.7940052246
reverse,p008,34,0.11483558691108513,0.36565515248213604,206878.4285795189,-38381.10810730152
reverse,p008,35,0.12058782271434733,0.3707144112038598,244410.34724273725,-38297.737886677816
reverse,p008,36,0.12055820420103482,0.36831246839960086,217404.27501324125,-38327.99077693974
reverse,p008,37,0.11305534371637904,0.3645641133417224,178577.14158820832,-38296.30958507913
reverse,p008,38,0.11214790344553112,0.3590128315186452,171849.13595949337,-38299.586146529124
reverse,p008,39,0.12328827523401698,0.3547955253202402,181286.88883199397,-38264.83536872036
reverse,p009,0,0.11755629992136757,0.3638593558153911,227767.5593326274,-38949.93937557966
reverse,p009,1,0.1132120365193684,0.36218516167621617,209243.65217408075,-38870.16690704465
reverse,p009,2,0.11427917125581108,0.35885949554504926,188248.07881443494,-38827.395557328695
reverse,p009,3,0.11935088502744348,0.3628168773259898,205363.05261461312,-38827.79152180458
reverse,p009,4,0.13074737005097214,0.36365251596252374,248957.39903757177,-38737.04903414227
reverse,p009,5,0.1216989304821755,0.358696200319978,265883.88628216984,-38679.31205662311
reverse,p009,6,0.12219132526263812,0.35821362958239156,196541.011440498,-38626.17261646691
reverse,p009,7,0.12396693439395831,0.3564498525779572,162170.56347711966,-38766.205312620164
reverse,p009,8,0.13238768569787707,0.35900866660191266,180842.57303743192,-38827.23255191397
reverse,p009,9,0.13250964489614936,0.36275809945838633,234905.74727398925,-38811.6319652244
reverse,p009,10,0.11914450830652436,0.3654189626588742,254317.82735747844,-38808.69217288152
reverse,p009,11,0.11902005327422252,0.3659091720270463,186275.56579375357,-38691.42815659783
reverse,p009,12,0.12221298069451604,0.363512050071464,152968.54168927958,-38764.4455596496
reverse,p009,13,0.12734679853196884,0.3606878670993216,186970.38042001784,-38695.66538808789
reverse,p009,14,0.12258129134552155,0.3549201635306407,256019.62368034117,-38766.658648715136
reverse,p009,15,0.11786202418489676,0.34978953934560575,267045.72487897775,-38695.675673632926
reverse,p009,16,0.12060336412639229,0.3483955164197923,192146.60577916808,-38713.13461225589
reverse,p009,17,0.12494890494290484,0.3465890893608469,159487.39232307355,-38708.34151313563
reverse,p009,18,0.12044777273880942,0.34715076135040424,189979.85242675577,-38642.31690175705
reverse,p009,19,0.1223151777379853,0.3490724320205813,260630.52075473365,-38625.476538667455
reverse,p009,20,0.12718080704194595,0.3509456403631946,255406.42154205457,-38547.38784059654
reverse,p009,21,0.12535935629570197,0.3556671715302306,187033.1990868665,-38575.24318197777
reverse,p009,22,0.12098802939301381,0.3564219726875876,153775.37834425352,-38551.78159209993
reverse,p009,23,0.12048110782736969,0.3550364251405984,200703.1638357633,-38493.872870943815
reverse,p009,24,0.13164679414648378,0.3595354706202618,233759.9882566562,-38492.82487199736
reverse,p009,25,0.12960521139145953,0.3628626803031101,265547.70307468023,-38460.45463477296
reverse,p009,26,0.11929271849996274,0.36887817752828267,216556.45648152562,-38523.922202508504
reverse,p009,27,0.1104903570022365,0.36588332011975927,166277.55359976937,-38437.68508047017
reverse,p009,28,0.11422563279580192,0.3640512080101217,178803.36225117597,-38312.389237694675
reverse,p009,29,0.12958025443066448,0.3594307613894191,225491.8409526257,-38391.5515560295
reverse,p009,30,0.12957619963114053,0.3536595182959273,285411.72253300535,-38254.49107708267
reverse,p009,31,0.12364462816352828,0.35176078969249064,242275.32035245266,-38308.462570136544
reverse,p009,32,0.11163463021840261,0.3449016498046011,183977.62663886228,-38307.71263707476
reverse,p009,33,0.12575199612235577,0.3421870036941282,153466.1188179445,-38112.70904563373
reverse,p009,34,0.12414954177805157,0.3430858583842732,225626.50765525454,-38217.47117001109
reverse,p009,35,0.12754785493726437,0.3496235545247412,278589.587447844,-38213.05334507262
reverse,p009,36,0.11757939350573163,0.35622386987631377,255567.98898000128,-38116.70882771202
reverse,p009,37,0.11530152179141118,0.35924444249474274,181458.72809970204,-38173.192901665825
reverse,p009,38,0.11721102747523734,0.3594191873797864,163261.96830620462,-38162.746496353386
reverse,p009,39,0.1179487832334847,0.35725537893903675,200787.29144520283,-38142.16411154294
